﻿{"cameraMode":{"drawMode":0,"name":"Shaded","section":"Shading Mode"},"sceneLighting":true,"audioPlay":false,"sceneViewState":{"showFog":true,"showMaterialUpdate":false,"showSkybox":true,"showFlares":true,"showImageEffects":true,"showParticleSystems":true},"in2DMode":false,"pivot":{"x":-0.2239273488521576,"y":4.275376319885254,"z":0.3514878749847412},"rotation":{"x":-0.016838116571307184,"y":-0.3914705514907837,"z":0.0071646482683718208,"w":-0.9200087189674377},"size":2.8578836917877199,"orthographic":false}